{
  "best_global_step": null,
  "best_metric": null,
  "best_model_checkpoint": null,
  "epoch": 5.0,
  "eval_steps": 500,
  "global_step": 105,
  "is_hyper_param_search": false,
  "is_local_process_zero": true,
  "is_world_process_zero": true,
  "log_history": [
    {
      "epoch": 1.1904761904761905,
      "grad_norm": 0.5107766389846802,
      "learning_rate": 4.0099009900990106e-05,
      "loss": 0.6262,
      "step": 25
    },
    {
      "epoch": 2.380952380952381,
      "grad_norm": 0.42176488041877747,
      "learning_rate": 2.7722772277227726e-05,
      "loss": 0.2459,
      "step": 50
    },
    {
      "epoch": 3.571428571428571,
      "grad_norm": 0.3664196729660034,
      "learning_rate": 1.534653465346535e-05,
      "loss": 0.1898,
      "step": 75
    },
    {
      "epoch": 4.761904761904762,
      "grad_norm": 0.2991567850112915,
      "learning_rate": 2.9702970297029703e-06,
      "loss": 0.1688,
      "step": 100
    }
  ],
  "logging_steps": 25,
  "max_steps": 105,
  "num_input_tokens_seen": 0,
  "num_train_epochs": 5,
  "save_steps": 500,
  "stateful_callbacks": {
    "TrainerControl": {
      "args": {
        "should_epoch_stop": false,
        "should_evaluate": false,
        "should_log": false,
        "should_save": true,
        "should_training_stop": true
      },
      "attributes": {}
    }
  },
  "total_flos": 809486612889600.0,
  "train_batch_size": 32,
  "trial_name": null,
  "trial_params": null
}
